LP,Imię,Nazwisko,Nazwisko Imię,ImieBP,NazwBP,Przełożony,Login,Mail,EmployeeID,Biuro,Wydział,Stanowisko,Firma,Telefon,Miasto,Kraj,Ulica,Budynek,Pomieszenie,Kod,N,E,Obszar,Grupa 1,Grupa2,Grupa3
0,Kamila,Iwon,Iwon Kamila,Kamila,Iwon,,Kamila.Iwon,Kamila.Iwon@areotrans.pl,164933,Rada Nadzorcza,Rada Nadzorcza,Przewodniczący Rady Nadzorczej,Grupa AreoTrans,501-491-137,Olsztyn,Polska,Słoneczna,54,301,10-710,53.74378797308898,20.456546179587995,Zarząd,grp_RadaNadzorcza,grp_Menadżerowie,grp_Audyt
0,Jakub,Godlewski,Godlewski Jakub,Jakub,Godlewski,Kamila.Iwon,Jakub.Godlewski,Jakub.Godlewski@areotrans.pl,166254,Rada Nadzorcza,Rada Nadzorcza,Członek Rady Nadzorczej,Grupa AreoTrans,502-327-692,Olsztyn,Polska,Słoneczna,54,302,10-710,53.74378797308898,20.456546179587995,Zarząd,grp_RadaNadzorcza,grp_Menadżerowie,grp_Audyt
0,Konrad,Górny,Górny Konrad,Konrad,Gorny,Kamila.Iwon,Konrad.Gorny,Konrad.Gorny@areotrans.pl,166259,Rada Nadzorcza,Rada Nadzorcza,Członek Rady Nadzorczej,Grupa AreoTrans,501-124-902,Olsztyn,Polska,Słoneczna,54,303,10-710,53.74378797308898,20.456546179587995,Zarząd,grp_RadaNadzorcza,grp_Menadżerowie,grp_Audyt
0,Julia,Grzywińska,Grzywińska Julia,Julia,Grzywinska,Kamila.Iwon,Julia.Grzywinska,Julia.Grzywinska@areotrans.pl,166261,Rada Nadzorcza,Rada Nadzorcza,Członek Rady Nadzorczej,Grupa AreoTrans,504-370-995,Olsztyn,Polska,Słoneczna,54,304,10-710,53.74378797308898,20.456546179587995,Zarząd,grp_RadaNadzorcza,grp_Menadżerowie,grp_Audyt
0,Radosław,Hubacz,Hubacz Radosław,Radoslaw,Hubacz,Kamila.Iwon,Radoslaw.Hubacz,Radoslaw.Hubacz@areotrans.pl,166271,Rada Nadzorcza,Rada Nadzorcza,Członek Rady Nadzorczej,Grupa AreoTrans,503-379-369,Olsztyn,Polska,Słoneczna,54,305,10-710,53.74378797308898,20.456546179587995,Zarząd,grp_RadaNadzorcza,grp_Menadżerowie,grp_Audyt
1,Adam,Nowak,Nowak Adam,Adam,Nowak,Kamila.Iwon,Adam.Nowak,Adam.Nowak@tanibilet.pl,60000001,Zarząd,Zarząd,Prezes,Tani Bilet sp. z.o.o.,508-180-404,Olsztyn,Polska,Słoneczna,54,204,10-710,53.74378797308898,20.456546179587995,Północ,grp_Zarząd,grp_Menadżerowie,grp_TaniBilet
2,Michał,Lewandowski,Lewandowski Michał,Michal,Lewandowski,Adam.Nowak,Michal.Lewandowski,Michal.Lewandowski@tanibilet.pl,60000002,Biuro Sprzedaży,Wydział Sprzedarzy,Dyrektor Regionalny,Tani Bilet sp. z.o.o.,506-381-554,Olsztyn,Polska,Słoneczna,54,204,10-710,53.74378797308898,20.456546179587995,Północ,grp_DyrReg_TB,grp_Menadżerowie,grp_TaniBilet
3,Katarzyna,Kowalczyk,Kowalczyk Katarzyna,Katarzyna,Kowalczyk,Adam.Nowak,Katarzyna.Kowalczyk,Katarzyna.Kowalczyk@tanibilet.pl,60000003,Biuro Marketingu,Wydział Marketingu,Dyrektor Regionalny,Tani Bilet sp. z.o.o.,514-191-256,Kraków,Polska,Babinskiego,69,7,30-393,50.006130788123365,19.876640908185077,Południe,grp_DyrReg_TB,grp_Menadżerowie,grp_TaniBilet
4,Jakub,Jankowski,Jankowski Jakub,Jakub,Jankowski,Adam.Nowak,Jakub.Jankowski,Jakub.Jankowski@tanibilet.pl,60000004,Biuro Kadr,Wydział Kadry,Dyrektor Regionalny,Tani Bilet sp. z.o.o.,572-875-309,Lublin,Polska,Ametystowa,18,102,20-577,51.22153818703002,22.510440189043038,Wschód,grp_DyrReg_TB,grp_Menadżerowie,grp_TaniBilet
5,Michał,Wojciechowski,Wojciechowski Michał,Michal,Wojciechowski,Adam.Nowak,Michal.Wojciechowski,Michal.Wojciechowski@tanibilet.pl,60000005,Biuro Utrzymania,Wydział Utrzymania,Dyrektor Regionalny,Tani Bilet sp. z.o.o.,504-512-535,Wrocław,Polska,Generała Józefa Bema,2,701,50-265,51.11782536956,17.041772018966643,Zachód,grp_DyrReg_TB,grp_Menadżerowie,grp_TaniBilet
6,Paweł,Kaczmarek,Kaczmarek Paweł,Pawel,Kaczmarek,Michal.Lewandowski,Pawel.Kaczmarek,Pawel.Kaczmarek@tanibilet.pl,60000006,Biuro Sprzedaży,Wydział Windykacji,Inżynier,Tani Bilet sp. z.o.o.,506-656-991,Olsztyn,Polska,Słoneczna,54,201,10-710,53.74378797308898,20.456546179587995,Północ,grp_Windykacja,,grp_TaniBilet
7,Zofia,Mazur,Mazur Zofia,Zofia,Mazur,Michal.Lewandowski,Zofia.Mazur,Zofia.Mazur@tanibilet.pl,60000007,Biuro Sprzedaży,Wydział Windykacji,Główny Specjalista,Tani Bilet sp. z.o.o.,723-183-344,Olsztyn,Polska,Słoneczna,54,201,10-710,53.74378797308898,20.456546179587995,Północ,grp_Windykacja,grp_Koordynator,grp_TaniBilet
8,Kamil,Krawczyk,Krawczyk Kamil,Kamil,Krawczyk,Michal.Lewandowski,Kamil.Krawczyk,Kamil.Krawczyk@tanibilet.pl,60000008,Biuro Sprzedaży,Wydział Windykacji,Konsultant,Tani Bilet sp. z.o.o.,502-132-370,Olsztyn,Polska,Słoneczna,54,201,10-710,53.74378797308898,20.456546179587995,Północ,grp_Windykacja,,grp_TaniBilet
9,Weronika,Piotrowski,Piotrowski Weronika,Weronika,Piotrowski,Michal.Lewandowski,Weronika.Piotrowski,Weronika.Piotrowski@tanibilet.pl,60000009,Biuro Sprzedaży,Wydział Windykacji,Starszy Specjalista,Tani Bilet sp. z.o.o.,603-769-651,Olsztyn,Polska,Słoneczna,54,202,10-710,53.74378797308898,20.456546179587995,Północ,grp_Windykacja,,grp_TaniBilet
10,Patryk,Sikora,Sikora Patryk,Patryk,Sikora,Michal.Lewandowski,Patryk.Sikora,Patryk.Sikora@tanibilet.pl,60000010,Biuro Sprzedaży,Wydział Windykacji,Informatyk,Tani Bilet sp. z.o.o.,608-135-497,Olsztyn,Polska,Słoneczna,54,202,10-710,53.74378797308898,20.456546179587995,Północ,grp_Windykacja,grp_ServiceDesk,grp_TaniBilet
11,Karolina,Baran,Baran Karolina,Karolina,Baran,Michal.Lewandowski,Karolina.Baran,Karolina.Baran@tanibilet.pl,60000011,Biuro Sprzedaży,Wydział Rozliczeń,Starszy Specjalista,Tani Bilet sp. z.o.o.,607-384-416,Olsztyn,Polska,Słoneczna,54,202,10-710,53.74378797308898,20.456546179587995,Północ,grp_Rozliczenia,,grp_TaniBilet
12,Adam,Rutkowski,Rutkowski Adam,Adam,Rutkowski,Michal.Lewandowski,Adam.Rutkowski,Adam.Rutkowski@tanibilet.pl,60000012,Biuro Sprzedaży,Wydział Rozliczeń,Specjalista,Tani Bilet sp. z.o.o.,615-837-663,Olsztyn,Polska,Słoneczna,54,203,10-710,53.74378797308898,20.456546179587995,Północ,grp_Rozliczenia,,grp_TaniBilet
13,Natalia,Jakubowski,Jakubowski Natalia,Natalia,Jakubowski,Michal.Lewandowski,Natalia.Jakubowski,Natalia.Jakubowski@tanibilet.pl,60000013,Biuro Sprzedaży,Wydział Rozliczeń,Konsultant,Tani Bilet sp. z.o.o.,698-893-443,Olsztyn,Polska,Słoneczna,54,203,10-710,53.74378797308898,20.456546179587995,Północ,grp_Rozliczenia,,grp_TaniBilet
14,Filip,Nowicki,Nowicki Filip,Filip,Nowicki,Michal.Lewandowski,Filip.Nowicki,Filip.Nowicki@tanibilet.pl,60000014,Biuro Sprzedaży,Wydział Rozliczeń,Specjalista,Tani Bilet sp. z.o.o.,678-425-441,Olsztyn,Polska,Słoneczna,54,203,10-710,53.74378797308898,20.456546179587995,Północ,grp_Rozliczenia,,grp_TaniBilet
15,Julia,Wiśniewska,Wiśniewska Julia,Julia,Wisniewska,Michal.Lewandowski,Julia.Wisniewska,Julia.Wisniewska@tanibilet.pl,60000015,Biuro Sprzedaży,Wydział Rozliczeń,Główny Specjalista,Tani Bilet sp. z.o.o.,698-559-613,Olsztyn,Polska,Słoneczna,54,203,10-710,53.74378797308898,20.456546179587995,Północ,grp_Rozliczenia,grp_Koordynator,grp_TaniBilet
16,Jakub,Kwiatkowski,Kwiatkowski Jakub,Jakub,Kwiatkowski,Katarzyna.Kowalczyk,Jakub.Kwiatkowski,Jakub.Kwiatkowski@tanibilet.pl,60000016,Biuro Marketingu,Wydział Reklamy,Konsultant,Tani Bilet sp. z.o.o.,512-945-588,Kraków,Polska,Babinskiego,69,8,30-393,50.006130788123365,19.876640908185077,Południe,grp_Reklama,,grp_TaniBilet
17,Anna,Szymaniak,Szymaniak Anna,Anna,Szymaniak,Katarzyna.Kowalczyk,Anna.Szymaniak,Anna.Szymaniak@tanibilet.pl,60000017,Biuro Marketingu,Wydział Reklamy,Starszy Specjalista,Tani Bilet sp. z.o.o.,519-937-873,Kraków,Polska,Babinskiego,69,8,30-393,50.006130788123365,19.876640908185077,Południe,grp_Reklama,,grp_TaniBilet
18,Adam,Wojcik,Wojcik Adam,Adam,Wojcik,Katarzyna.Kowalczyk,Adam.Wojcik,Adam.Wojcik@tanibilet.pl,60000018,Biuro Marketingu,Wydział Reklamy,Główny Specjalista,Tani Bilet sp. z.o.o.,507-153-984,Kraków,Polska,Babinskiego,69,8,30-393,50.006130788123365,19.876640908185077,Południe,grp_Reklama,grp_Koordynator,grp_TaniBilet
19,Katarzyna,Nowicka,Nowicka Katarzyna,Katarzyna,Nowicka,Katarzyna.Kowalczyk,Katarzyna.Nowicka,Katarzyna.Nowicka@tanibilet.pl,60000019,Biuro Marketingu,Wydział Reklamy,Radca Prawny,Tani Bilet sp. z.o.o.,589-416-104,Kraków,Polska,Babinskiego,69,9,30-393,50.006130788123365,19.876640908185077,Południe,grp_Reklama,,grp_TaniBilet
20,Aleksandra,Kamińska,Kamińska Aleksandra,Aleksandra,Kaminska,Katarzyna.Kowalczyk,Aleksandra.Kaminska,Aleksandra.Kaminska@tanibilet.pl,60000020,Biuro Marketingu,Wydział Reklamy,Starszy Specjalista,Tani Bilet sp. z.o.o.,678-686-386,Kraków,Polska,Babinskiego,69,9,30-393,50.006130788123365,19.876640908185077,Południe,grp_Reklama,,grp_TaniBilet
21,Natalia,Jankowska,Jankowska Natalia,Natalia,Jankowska,Katarzyna.Kowalczyk,Natalia.Jankowska,Natalia.Jankowska@tanibilet.pl,60000021,Biuro Marketingu,Wydział Promocji,Konsultant,Tani Bilet sp. z.o.o.,782-857-403,Kraków,Polska,Babinskiego,69,9,30-393,50.006130788123365,19.876640908185077,Południe,grp_Promocja,,grp_TaniBilet
22,Kamil,Szymański,Szymański Kamil,Kamil,Szymanski,Katarzyna.Kowalczyk,Kamil.Szymanski,Kamil.Szymanski@tanibilet.pl,60000022,Biuro Marketingu,Wydział Promocji,Informatyk,Tani Bilet sp. z.o.o.,743-243-711,Kraków,Polska,Babinskiego,69,10,30-393,50.006130788123365,19.876640908185077,Południe,grp_Promocja,grp_ServiceDesk,grp_TaniBilet
23,Kacper,Pawłowski,Pawłowski Kacper,Kacper,Pawlowski,Katarzyna.Kowalczyk,Kacper.Pawlowski,Kacper.Pawlowski@tanibilet.pl,60000023,Biuro Marketingu,Wydział Promocji,Radca Prawny,Tani Bilet sp. z.o.o.,723-743-717,Kraków,Polska,Babinskiego,69,10,30-393,50.006130788123365,19.876640908185077,Południe,grp_Promocja,,grp_TaniBilet
24,Zofia,Lis,Lis Zofia,Zofia,Lis,Katarzyna.Kowalczyk,Zofia.Lis,Zofia.Lis@tanibilet.pl,60000024,Biuro Marketingu,Wydział Promocji,Konsultant,Tani Bilet sp. z.o.o.,716-475-656,Kraków,Polska,Babinskiego,69,10,30-393,50.006130788123365,19.876640908185077,Południe,grp_Promocja,,grp_TaniBilet
25,Monika,Borowski,Borowski Monika,Monika,Borowski,Katarzyna.Kowalczyk,Monika.Borowski,Monika.Borowski@tanibilet.pl,60000025,Biuro Marketingu,Wydział Promocji,Główny Specjalista,Tani Bilet sp. z.o.o.,764-541-139,Kraków,Polska,Babinskiego,69,10,30-393,50.006130788123365,19.876640908185077,Południe,grp_Promocja,grp_Koordynator,grp_TaniBilet
26,Marcin,Dąbrowski,Dąbrowski Marcin,Marcin,Dabrowski,Jakub.Jankowski,Marcin.Dabrowski,Marcin.Dabrowski@tanibilet.pl,60000026,Biuro Kadr,Wydział Szkoleń,Inżynier,Tani Bilet sp. z.o.o.,728-962-832,Lublin,Polska,Ametystowa,18,103,20-577,51.22153818703002,22.510440189043038,Wschód,grp_Szkolenia,,grp_TaniBilet
27,Oliwia,Kowal,Kowal Oliwia,Oliwia,Kowal,Jakub.Jankowski,Oliwia.Kowal,Oliwia.Kowal@tanibilet.pl,60000027,Biuro Kadr,Wydział Szkoleń,Główny Specjalista,Tani Bilet sp. z.o.o.,791-957-276,Lublin,Polska,Ametystowa,18,103,20-577,51.22153818703002,22.510440189043038,Wschód,grp_Szkolenia,grp_Koordynator,grp_TaniBilet
28,Dominik,Jabłoński,Jabłoński Dominik,Dominik,Jablonski,Jakub.Jankowski,Dominik.Jablonski,Dominik.Jablonski@tanibilet.pl,60000028,Biuro Kadr,Wydział Szkoleń,Kierowca,Tani Bilet sp. z.o.o.,672-730-838,Lublin,Polska,Ametystowa,18,103,20-577,51.22153818703002,22.510440189043038,Wschód,grp_Szkolenia,,grp_TaniBilet
29,Karolina,Kaczmarczyk,Kaczmarczyk Karolina,Karolina,Kaczmarczyk,Jakub.Jankowski,Karolina.Kaczmarczyk,Karolina.Kaczmarczyk@tanibilet.pl,60000029,Biuro Kadr,Wydział Szkoleń,Konsultant,Tani Bilet sp. z.o.o.,613-124-582,Lublin,Polska,Ametystowa,18,104,20-577,51.22153818703002,22.510440189043038,Wschód,grp_Szkolenia,,grp_TaniBilet
30,Szymon,Wilk,Wilk Szymon,Szymon,Wilk,Jakub.Jankowski,Szymon.Wilk,Szymon.Wilk@tanibilet.pl,60000030,Biuro Kadr,Wydział Szkoleń,Radca Prawny,Tani Bilet sp. z.o.o.,725-177-647,Lublin,Polska,Ametystowa,18,104,20-577,51.22153818703002,22.510440189043038,Wschód,grp_Szkolenia,,grp_TaniBilet
31,Marta,Zajac,Zajac Marta,Marta,Zajac,Jakub.Jankowski,Marta.Zajac,Marta.Zajac@tanibilet.pl,60000031,Biuro Kadr,Wydział Personalny,Główny Specjalista,Tani Bilet sp. z.o.o.,501-613-986,Lublin,Polska,Ametystowa,18,104,20-577,51.22153818703002,22.510440189043038,Wschód,grp_Personalny,grp_Koordynator,grp_TaniBilet
32,Filip,Nowakowski,Nowakowski Filip,Filip,Nowakowski,Jakub.Jankowski,Filip.Nowakowski,Filip.Nowakowski@tanibilet.pl,60000032,Biuro Kadr,Wydział Personalny,Specjalista,Tani Bilet sp. z.o.o.,502-633-180,Lublin,Polska,Ametystowa,18,104,20-577,51.22153818703002,22.510440189043038,Wschód,grp_Personalny,,grp_TaniBilet
33,Agata,Sawicka,Sawicka Agata,Agata,Sawicka,Jakub.Jankowski,Agata.Sawicka,Agata.Sawicka@tanibilet.pl,60000033,Biuro Kadr,Wydział Personalny,Starszy Specjalista,Tani Bilet sp. z.o.o.,501-291-996,Lublin,Polska,Ametystowa,18,105,20-577,51.22153818703002,22.510440189043038,Wschód,grp_Personalny,,grp_TaniBilet
34,Wiktoria,Mazurek,Mazurek Wiktoria,Wiktoria,Mazurek,Jakub.Jankowski,Wiktoria.Mazurek,Wiktoria.Mazurek@tanibilet.pl,60000034,Biuro Kadr,Wydział Personalny,Mechanik,Tani Bilet sp. z.o.o.,504-565-439,Lublin,Polska,Ametystowa,18,105,20-577,51.22153818703002,22.510440189043038,Wschód,grp_Personalny,,grp_TaniBilet
35,Gabriel,Jaworski,Jaworski Gabriel,Gabriel,Jaworski,Jakub.Jankowski,Gabriel.Jaworski,Gabriel.Jaworski@tanibilet.pl,60000035,Biuro Kadr,Wydział Personalny,Konsultant,Tani Bilet sp. z.o.o.,503-989-514,Lublin,Polska,Ametystowa,18,105,20-577,51.22153818703002,22.510440189043038,Wschód,grp_Personalny,,grp_TaniBilet
36,Nina,Piotrowska,Piotrowska Nina,Nina,Piotrowska,Michal.Wojciechowski,Nina.Piotrowska,Nina.Piotrowska@tanibilet.pl,60000036,Biuro Utrzymania,Wydział Napraw,Główny Specjalista,Tani Bilet sp. z.o.o.,508-614-310,Wrocław,Polska,Generała Józefa Bema,2,703,50-265,51.11782536956,17.041772018966643,Zachód,grp_Naprawy,grp_Koordynator,grp_TaniBilet
37,Justyna,Urbanska,Urbanska Justyna,Justyna,Urbanska,Michal.Wojciechowski,Justyna.Urbanska,Justyna.Urbanska@tanibilet.pl,60000037,Biuro Utrzymania,Wydział Napraw,Architekt,Tani Bilet sp. z.o.o.,506-656-257,Wrocław,Polska,Generała Józefa Bema,2,705,50-265,51.11782536956,17.041772018966643,Zachód,grp_Naprawy,,grp_TaniBilet
38,Mikolaj,Grabowski,Grabowski Mikolaj,Mikolaj,Grabowski,Michal.Wojciechowski,Mikolaj.Grabowski,Mikolaj.Grabowski@tanibilet.pl,60000038,Biuro Utrzymania,Wydział Napraw,Inżynier,Tani Bilet sp. z.o.o.,514-181-616,Wrocław,Polska,Generała Józefa Bema,2,705,50-265,51.11782536956,17.041772018966643,Zachód,grp_Naprawy,,grp_TaniBilet
39,Weronika,Chmielewska,Chmielewska Weronika,Weronika,Chmielewska,Michal.Wojciechowski,Weronika.Chmielewska,Weronika.Chmielewska@tanibilet.pl,60000039,Biuro Utrzymania,Wydział Napraw,Inżynier,Tani Bilet sp. z.o.o.,572-401-240,Wrocław,Polska,Generała Józefa Bema,2,705,50-265,51.11782536956,17.041772018966643,Zachód,grp_Naprawy,,grp_TaniBilet
40,Martyna,Adamczyk,Adamczyk Martyna,Martyna,Adamczyk,Michal.Wojciechowski,Martyna.Adamczyk,Martyna.Adamczyk@tanibilet.pl,60000040,Biuro Utrzymania,Wydział Napraw,Informatyk,Tani Bilet sp. z.o.o.,504-918-762,Wrocław,Polska,Generała Józefa Bema,2,705,50-265,51.11782536956,17.041772018966643,Zachód,grp_Naprawy,grp_ServiceDesk,grp_TaniBilet
41,Nikola,Łukasiewicz,Łukasiewicz Nikola,Nikola,Lukasiewicz,Michal.Wojciechowski,Nikola.Lukasiewicz,Nikola.Lukasiewicz@tanibilet.pl,60000041,Biuro Utrzymania,Wydział Napraw,Starszy Specjalista,Tani Bilet sp. z.o.o.,506-181-649,Wrocław,Polska,Generała Józefa Bema,2,707,50-265,51.11782536956,17.041772018966643,Zachód,grp_Naprawy,,grp_TaniBilet
42,Aleksander,Szczepański,Szczepański Aleksander,Aleksander,Szczepanski,Michal.Wojciechowski,Aleksander.Szczepans,Aleksander.Szczepanski@tanibilet.pl,60000042,Biuro Utrzymania,Wydział Przeglądów,Główny Specjalista,Tani Bilet sp. z.o.o.,723-630-887,Wrocław,Polska,Generała Józefa Bema,2,707,50-265,51.11782536956,17.041772018966643,Zachód,grp_Przeglądy,grp_Koordynator,grp_TaniBilet
43,Natalia,Wroblewska,Wroblewska Natalia,Natalia,Wroblewska,Michal.Wojciechowski,Natalia.Wroblewska,Natalia.Wroblewska@tanibilet.pl,60000043,Biuro Utrzymania,Wydział Przeglądów,Radca Prawny,Tani Bilet sp. z.o.o.,502-571-139,Wrocław,Polska,Generała Józefa Bema,2,707,50-265,51.11782536956,17.041772018966643,Zachód,grp_Przeglądy,,grp_TaniBilet
44,Michal,Kaczyński,Kaczyński Michal,Michal,Kaczynski,Michal.Wojciechowski,Michal.Kaczynski,Michal.Kaczynski@tanibilet.pl,60000044,Biuro Utrzymania,Wydział Przeglądów,Inżynier,Tani Bilet sp. z.o.o.,603-220-729,Wrocław,Polska,Generała Józefa Bema,2,710,50-265,51.11782536956,17.041772018966643,Zachód,grp_Przeglądy,,grp_TaniBilet
45,Dominika,Górska,Górska Dominika,Dominika,Gorska,Michal.Wojciechowski,Dominika.Gorska,Dominika.Gorska@tanibilet.pl,60000045,Biuro Utrzymania,Wydział Przeglądów,Inżynier,Tani Bilet sp. z.o.o.,608-422-974,Wrocław,Polska,Generała Józefa Bema,2,710,50-265,51.11782536956,17.041772018966643,Zachód,grp_Przeglądy,,grp_TaniBilet
46,Kornelia,Walczak,Walczak Kornelia,Kornelia,Walczak,Kamila.Iwon,Kornelia.Walczak,Kornelia.Walczak@sprawnaprzesylka.pl,70000001,Zarząd,Zarząd,Prezes,Sprawna przesyłka sp. z o.o.,607-416-229,Olsztyn,Polska,Słoneczna,54,401,10-710,53.74378797308898,20.456546179587995,Północ,grp_Zarząd,grp_Menadżerowie,grp_SprawnaPrzesyłka
47,Tymon,Michalski,Michalski Tymon,Tymon,Michalski,Kornelia.Walczak,Tymon.Michalski,Tymon.Michalski@sprawnaprzesylka.pl,70000002,Biuro Spedycji,Biuro Spedycji,Dyrektor Regionalny,Sprawna przesyłka sp. z o.o.,615-199-792,Olsztyn,Polska,Słoneczna,54,402,10-710,53.74378797308898,20.456546179587995,Północ,grp_DyrReg_SprPrze,grp_Menadżerowie,grp_SprawnaPrzesyłka
48,Wiktoria,Szczepanik,Szczepanik Wiktoria,Wiktoria,Szczepanik,Kornelia.Walczak,Wiktoria.Szczepanik,Wiktoria.Szczepanik@sprawnaprzesylka.pl,70000003,Biuro Sprzedaży,Biuro Sprzedaży,Dyrektor Regionalny,Sprawna przesyłka sp. z o.o.,698-155-844,Katowice,Polska,Bankowa,12,315,40-007,50.2607496996333,19.02823440663506,Południe,grp_DyrReg_SprPrze,grp_Menadżerowie,grp_SprawnaPrzesyłka
49,Michal,Wieczorek,Wieczorek Michal,Michal,Wieczorek,Kornelia.Walczak,Michal.Wieczorek,Michal.Wieczorek@sprawnaprzesylka.pl,70000004,Biuro Finansów,Biuro Finansów,Dyrektor Regionalny,Sprawna przesyłka sp. z o.o.,678-893-772,Białystok,Polska,Adama Mickiewicza,1,11,15-213,53.12878109584308,23.16915235659272,Wschód,grp_DyrReg_SprPrze,grp_Menadżerowie,grp_SprawnaPrzesyłka
50,Julia,Wawrzyniak,Wawrzyniak Julia,Julia,Wawrzyniak,Kornelia.Walczak,Julia.Wawrzyniak,Julia.Wawrzyniak@sprawnaprzesylka.pl,70000005,Biuro Eksploatacji,Biuro Eksploatacji,Dyrektor Regionalny,Sprawna przesyłka sp. z o.o.,698-432-345,Zielona Góra,Polska,Długa,5,412,65-401,51.93625498000136,15.49858508885172,Zachód,grp_DyrReg_SprPrze,grp_Menadżerowie,grp_SprawnaPrzesyłka
51,Patrycja,Kowalska,Kowalska Patrycja,Patrycja,Kowalska,Tymon.Michalski,Patrycja.Kowalska,Patrycja.Kowalska@sprawnaprzesylka.pl,70000006,Biuro Spedycji,Wydział Przewozów,Konsultant,Sprawna przesyłka sp. z o.o.,512-751-706,Olsztyn,Polska,Słoneczna,54,403,10-710,53.74378797308898,20.456546179587995,Północ,grp_Przewozy,,grp_SprawnaPrzesyłka
52,Karolina,Szymańska,Szymańska Karolina,Karolina,Szymanska,Tymon.Michalski,Karolina.Szymanska,Karolina.Szymanska@sprawnaprzesylka.pl,70000007,Biuro Spedycji,Wydział Przewozów,Mechanik,Sprawna przesyłka sp. z o.o.,519-724-756,Olsztyn,Polska,Słoneczna,54,403,10-710,53.74378797308898,20.456546179587995,Północ,grp_Przewozy,,grp_SprawnaPrzesyłka
53,Bartosz,Łukasik,Łukasik Bartosz,Bartosz,Lukasik,Tymon.Michalski,Bartosz.Lukasik,Bartosz.Lukasik@sprawnaprzesylka.pl,70000008,Biuro Spedycji,Wydział Przewozów,Informatyk,Sprawna przesyłka sp. z o.o.,507-650-882,Olsztyn,Polska,Słoneczna,54,403,10-710,53.74378797308898,20.456546179587995,Północ,grp_Przewozy,grp_ServiceDesk,grp_SprawnaPrzesyłka
54,Martyna,Pawłowska,Pawłowska Martyna,Martyna,Pawlowska,Tymon.Michalski,Martyna.Pawlowska,Martyna.Pawlowska@sprawnaprzesylka.pl,70000009,Biuro Spedycji,Wydział Przewozów,Kierowca,Sprawna przesyłka sp. z o.o.,589-131-660,Olsztyn,Polska,Słoneczna,54,403,10-710,53.74378797308898,20.456546179587995,Północ,grp_Przewozy,,grp_SprawnaPrzesyłka
55,Karolina,Łakąs,Łakąs Karolina,Karolina,Lakas,Tymon.Michalski,Karolina.Lakas,Karolina.Lakas@sprawnaprzesylka.pl,70000010,Biuro Spedycji,Wydział Przewozów,Główny Specjalista,Sprawna przesyłka sp. z o.o.,678-257-229,Olsztyn,Polska,Słoneczna,54,404,10-710,53.74378797308898,20.456546179587995,Północ,grp_Przewozy,grp_Koordynator,grp_SprawnaPrzesyłka
56,Agata,Grabowska,Grabowska Agata,Agata,Grabowska,Tymon.Michalski,Agata.Grabowska,Agata.Grabowska@sprawnaprzesylka.pl,70000011,Biuro Spedycji,Wydział Utrzymania,Inżynier,Sprawna przesyłka sp. z o.o.,782-551-219,Olsztyn,Polska,Słoneczna,54,404,10-710,53.74378797308898,20.456546179587995,Północ,grp_Utrzymanie,,grp_SprawnaPrzesyłka
57,Zuzanna,Witkowska,Witkowska Zuzanna,Zuzanna,Witkowska,Tymon.Michalski,Zuzanna.Witkowska,Zuzanna.Witkowska@sprawnaprzesylka.pl,70000012,Biuro Spedycji,Wydział Utrzymania,Kierowca,Sprawna przesyłka sp. z o.o.,743-976-839,Olsztyn,Polska,Słoneczna,54,404,10-710,53.74378797308898,20.456546179587995,Północ,grp_Utrzymanie,,grp_SprawnaPrzesyłka
58,Natalia,Lewandowska,Lewandowska Natalia,Natalia,Lewandowska,Tymon.Michalski,Natalia.Lewandowska,Natalia.Lewandowska@sprawnaprzesylka.pl,70000013,Biuro Spedycji,Wydział Utrzymania,Konsultant,Sprawna przesyłka sp. z o.o.,723-890-749,Olsztyn,Polska,Słoneczna,54,404,10-710,53.74378797308898,20.456546179587995,Północ,grp_Utrzymanie,,grp_SprawnaPrzesyłka
59,Maciej,Kamiński,Kamiński Maciej,Maciej,Kaminski,Tymon.Michalski,Maciej.Kaminski,Maciej.Kaminski@sprawnaprzesylka.pl,70000014,Biuro Spedycji,Wydział Utrzymania,Główny Specjalista,Sprawna przesyłka sp. z o.o.,716-382-186,Olsztyn,Polska,Słoneczna,54,405,10-710,53.74378797308898,20.456546179587995,Północ,grp_Utrzymanie,grp_Koordynator,grp_SprawnaPrzesyłka
60,Marcin,Wiśniewski,Wiśniewski Marcin,Marcin,Wisniewski,Tymon.Michalski,Marcin.Wisniewski,Marcin.Wisniewski@sprawnaprzesylka.pl,70000015,Biuro Spedycji,Wydział Utrzymania,Kierowca,Sprawna przesyłka sp. z o.o.,764-791-132,Olsztyn,Polska,Słoneczna,54,405,10-710,53.74378797308898,20.456546179587995,Północ,grp_Utrzymanie,,grp_SprawnaPrzesyłka
61,Igor,Kowalski,Kowalski Igor,Igor,Kowalski,Tymon.Michalski,Igor.Kowalski,Igor.Kowalski@sprawnaprzesylka.pl,70000016,Biuro Spedycji,Wydział Utrzymania,Konsultant,Sprawna przesyłka sp. z o.o.,728-375-507,Olsztyn,Polska,Słoneczna,54,405,10-710,53.74378797308898,20.456546179587995,Północ,grp_Utrzymanie,,grp_SprawnaPrzesyłka
62,Błażej,Rytwiński,Rytwiński Błażej,Blazej,Rytwinski,Tymon.Michalski,Blazej.Rytwinski,Blazej.Rytwinski@sprawnaprzesylka.pl,70000017,Biuro Spedycji,Wydział Zaopatrzenia,Inforamtyk,Sprawna przesyłka sp. z o.o.,791-262-262,Olsztyn,Polska,Słoneczna,54,406,10-710,53.74378797308898,20.456546179587995,Północ,grp_Zaopatrzenie,grp_ServiceDesk,grp_SprawnaPrzesyłka
63,Agnieszka,Smoleń,Smoleń Agnieszka,Agnieszka,Smolen,Tymon.Michalski,Agnieszka.Smolen,Agnieszka.Smolen@sprawnaprzesylka.pl,70000018,Biuro Spedycji,Wydział Zaopatrzenia,Główny Specjalista,Sprawna przesyłka sp. z o.o.,672-568-605,Olsztyn,Polska,Słoneczna,54,406,10-710,53.74378797308898,20.456546179587995,Północ,grp_Zaopatrzenie,grp_Koordynator,grp_SprawnaPrzesyłka
64,Zdzisława,Iwicka,Iwicka Zdzisława,Zdzislawa,Iwicka,Tymon.Michalski,Zdzislawa.Iwicka,Zdzislawa.Iwicka@sprawnaprzesylka.pl,70000019,Biuro Spedycji,Wydział Zaopatrzenia,Kierowca,Sprawna przesyłka sp. z o.o.,613-465-775,Olsztyn,Polska,Słoneczna,54,406,10-710,53.74378797308898,20.456546179587995,Północ,grp_Zaopatrzenie,,grp_SprawnaPrzesyłka
65,Monika,Skrzydlewska,Skrzydlewska Monika,Monika,Skrzydlewska,Tymon.Michalski,Monika.Skrzydlewska,Monika.Skrzydlewska@sprawnaprzesylka.pl,70000020,Biuro Spedycji,Wydział Zaopatrzenia,Radca Prawny,Sprawna przesyłka sp. z o.o.,725-106-121,Olsztyn,Polska,Słoneczna,54,406,10-710,53.74378797308898,20.456546179587995,Północ,grp_Zaopatrzenie,,grp_SprawnaPrzesyłka
66,Zenon,Gronkiewicz,Gronkiewicz Zenon,Zenon,Gronkiewicz,Wiktoria.Szczepanik,Zenon.Gronkiewicz,Zenon.Gronkiewicz@sprawnaprzesylka.pl,70000021,Biuro Sprzedaży,Wydział Rozliczeń,Starszy Specjalista,Sprawna przesyłka sp. z o.o.,501-926-600,Katowice,Polska,Bankowa,12,301,40-007,50.2607496996333,19.02823440663506,Południe,grp_Rozliczenia,,grp_SprawnaPrzesyłka
67,Angelika,Rządkowska,Rządkowska Angelika,Angelika,Rzadkowska,Wiktoria.Szczepanik,Angelika.Rzadkowska,Angelika.Rzadkowska@sprawnaprzesylka.pl,70000022,Biuro Sprzedaży,Wydział Rozliczeń,Specjalista,Sprawna przesyłka sp. z o.o.,502-385-478,Katowice,Polska,Bankowa,12,301,40-007,50.2607496996333,19.02823440663506,Południe,grp_Rozliczenia,,grp_SprawnaPrzesyłka
68,Eryk,Łuszczyk,Łuszczyk Eryk,Eryk,Luszczyk,Wiktoria.Szczepanik,Eryk.Luszczyk,Eryk.Luszczyk@sprawnaprzesylka.pl,70000023,Biuro Sprzedaży,Wydział Rozliczeń,Kierowca,Sprawna przesyłka sp. z o.o.,501-719-142,Katowice,Polska,Bankowa,12,301,40-007,50.2607496996333,19.02823440663506,Południe,grp_Rozliczenia,,grp_SprawnaPrzesyłka
69,Zofia,Czernecka,Czernecka Zofia,Zofia,Czernecka,Wiktoria.Szczepanik,Zofia.Czernecka,Zofia.Czernecka@sprawnaprzesylka.pl,70000024,Biuro Sprzedaży,Wydział Rozliczeń,Kierowca,Sprawna przesyłka sp. z o.o.,504-330-576,Katowice,Polska,Bankowa,12,301,40-007,50.2607496996333,19.02823440663506,Południe,grp_Rozliczenia,,grp_SprawnaPrzesyłka
70,Jakub,Kucherenko,Kucherenko Jakub,Jakub,Kucherenko,Wiktoria.Szczepanik,Jakub.Kucherenko,Jakub.Kucherenko@sprawnaprzesylka.pl,70000025,Biuro Sprzedaży,Wydział Rozliczeń,Główny Specjalista,Sprawna przesyłka sp. z o.o.,503-306-825,Katowice,Polska,Bankowa,12,302,40-007,50.2607496996333,19.02823440663506,Południe,grp_Rozliczenia,grp_Koordynator,grp_SprawnaPrzesyłka
71,Tymoteusz,Mania,Mania Tymoteusz,Tymoteusz,Mania,Wiktoria.Szczepanik,Tymoteusz.Mania,Tymoteusz.Mania@sprawnaprzesylka.pl,70000026,Biuro Sprzedaży,Wydział Obsługi Klienta,Kierowca,Sprawna przesyłka sp. z o.o.,508-138-416,Katowice,Polska,Bankowa,12,302,40-007,50.2607496996333,19.02823440663506,Południe,grp_ObsługaKlienta,,grp_SprawnaPrzesyłka
72,Amelia,Gargas,Gargas Amelia,Amelia,Gargas,Wiktoria.Szczepanik,Amelia.Gargas,Amelia.Gargas@sprawnaprzesylka.pl,70000027,Biuro Sprzedaży,Wydział Obsługi Klienta,Główny Specjalista,Sprawna przesyłka sp. z o.o.,506-338-573,Katowice,Polska,Bankowa,12,302,40-007,50.2607496996333,19.02823440663506,Południe,grp_ObsługaKlienta,grp_Koordynator,grp_SprawnaPrzesyłka
73,Alicja,Samulska,Samulska Alicja,Alicja,Samulska,Wiktoria.Szczepanik,Alicja.Samulska,Alicja.Samulska@sprawnaprzesylka.pl,70000028,Biuro Sprzedaży,Wydział Obsługi Klienta,Kierowca,Sprawna przesyłka sp. z o.o.,514-724-383,Katowice,Polska,Bankowa,12,302,40-007,50.2607496996333,19.02823440663506,Południe,grp_ObsługaKlienta,,grp_SprawnaPrzesyłka
74,Bożena,Fornal,Fornal Bożena,Bozena,Fornal,Wiktoria.Szczepanik,Bozena.Fornal,Bozena.Fornal@sprawnaprzesylka.pl,70000029,Biuro Sprzedaży,Wydział Obsługi Klienta,Kierowca,Sprawna przesyłka sp. z o.o.,572-654-466,Katowice,Polska,Bankowa,12,303,40-007,50.2607496996333,19.02823440663506,Południe,grp_ObsługaKlienta,,grp_SprawnaPrzesyłka
75,Cecylia,Bodek,Bodek Cecylia,Cecylia,Bodek,Wiktoria.Szczepanik,Cecylia.Bodek,Cecylia.Bodek@sprawnaprzesylka.pl,70000030,Biuro Sprzedaży,Wydział Obsługi Klienta,Mechanik,Sprawna przesyłka sp. z o.o.,504-554-107,Katowice,Polska,Bankowa,12,303,40-007,50.2607496996333,19.02823440663506,Południe,grp_ObsługaKlienta,,grp_SprawnaPrzesyłka
76,Marek,Ziemiański,Ziemiański Marek,Marek,Ziemianski,Wiktoria.Szczepanik,Marek.Ziemianski,Marek.Ziemianski@sprawnaprzesylka.pl,70000031,Biuro Sprzedaży,Wydział Promocji,Starszy Specjalista,Sprawna przesyłka sp. z o.o.,506-679-384,Katowice,Polska,Bankowa,12,303,40-007,50.2607496996333,19.02823440663506,Południe,grp_Promocji,,grp_SprawnaPrzesyłka
77,Wojciech,Smoter,Smoter Wojciech,Wojciech,Smoter,Wiktoria.Szczepanik,Wojciech.Smoter,Wojciech.Smoter@sprawnaprzesylka.pl,70000032,Biuro Sprzedaży,Wydział Promocji,Kierowca,Sprawna przesyłka sp. z o.o.,723-127-154,Katowice,Polska,Bankowa,12,304,40-007,50.2607496996333,19.02823440663506,Południe,grp_Promocji,,grp_SprawnaPrzesyłka
78,Aurelia,Pitek,Pitek Aurelia,Aurelia,Pitek,Wiktoria.Szczepanik,Aurelia.Pitek,Aurelia.Pitek@sprawnaprzesylka.pl,70000033,Biuro Sprzedaży,Wydział Promocji,Informatyk,Sprawna przesyłka sp. z o.o.,502-690-591,Katowice,Polska,Bankowa,12,304,40-007,50.2607496996333,19.02823440663506,Południe,grp_Promocji,grp_ServiceDesk,grp_SprawnaPrzesyłka
79,Bogusława,Kasztelan,Kasztelan Bogusława,Boguslawa,Kasztelan,Wiktoria.Szczepanik,Boguslawa.Kasztelan,Boguslawa.Kasztelan@sprawnaprzesylka.pl,70000034,Biuro Sprzedaży,Wydział Promocji,Kierowca,Sprawna przesyłka sp. z o.o.,603-997-249,Katowice,Polska,Bankowa,12,304,40-007,50.2607496996333,19.02823440663506,Południe,grp_Promocji,,grp_SprawnaPrzesyłka
80,Marlena,Jackowiak,Jackowiak Marlena,Marlena,Jackowiak,Wiktoria.Szczepanik,Marlena.Jackowiak,Marlena.Jackowiak@sprawnaprzesylka.pl,70000035,Biuro Sprzedaży,Wydział Promocji,Główny Specjalista,Sprawna przesyłka sp. z o.o.,608-262-660,Katowice,Polska,Bankowa,12,304,40-007,50.2607496996333,19.02823440663506,Południe,grp_Promocji,grp_Koordynator,grp_SprawnaPrzesyłka
81,Julianna,Lademann,Lademann Julianna,Julianna,Lademann,Michal.Wieczorek,Julianna.Lademann,Julianna.Lademann@sprawnaprzesylka.pl,70000036,Biuro Finansów,Wydział Rachunkowości,Mechanik,Sprawna przesyłka sp. z o.o.,607-503-860,Białystok,Polska,Adama Mickiewicza,1,7,15-213,53.12878109584308,23.16915235659272,Wschód,grp_Rachunkowość,,grp_SprawnaPrzesyłka
82,Eliza,Felska,Felska Eliza,Eliza,Felska,Michal.Wieczorek,Eliza.Felska,Eliza.Felska@sprawnaprzesylka.pl,70000037,Biuro Finansów,Wydział Rachunkowości,Radca Prawny,Sprawna przesyłka sp. z o.o.,615-522-123,Białystok,Polska,Adama Mickiewicza,1,7,15-213,53.12878109584308,23.16915235659272,Wschód,grp_Rachunkowość,,grp_SprawnaPrzesyłka
83,Leon,Trybuś,Trybuś Leon,Leon,Trybus,Michal.Wieczorek,Leon.Trybus,Leon.Trybus@sprawnaprzesylka.pl,70000038,Biuro Finansów,Wydział Rachunkowości,Mechanik,Sprawna przesyłka sp. z o.o.,698-492-613,Białystok,Polska,Adama Mickiewicza,1,7,15-213,53.12878109584308,23.16915235659272,Wschód,grp_Rachunkowość,,grp_SprawnaPrzesyłka
84,Grażyna,Leżańska,Leżańska Grażyna,Grazyna,Lezanska,Michal.Wieczorek,Grazyna.Lezanska,Grazyna.Lezanska@sprawnaprzesylka.pl,70000039,Biuro Finansów,Wydział Rachunkowości,Główny Specjalista,Sprawna przesyłka sp. z o.o.,678-744-451,Białystok,Polska,Adama Mickiewicza,1,9,15-213,53.12878109584308,23.16915235659272,Wschód,grp_Rachunkowość,grp_Koordynator,grp_SprawnaPrzesyłka
85,Cecylia,Próchnicka,Próchnicka Cecylia,Cecylia,Prochnicka,Michal.Wieczorek,Cecylia.Prochnicka,Cecylia.Prochnicka@sprawnaprzesylka.pl,70000040,Biuro Finansów,Wydział Rachunkowości,Radca Prawny,Sprawna przesyłka sp. z o.o.,698-329-639,Białystok,Polska,Adama Mickiewicza,1,9,15-213,53.12878109584308,23.16915235659272,Wschód,grp_Rachunkowość,,grp_SprawnaPrzesyłka
86,Róża,Gajecka,Gajecka Róża,Roza,Gajecka,Michal.Wieczorek,Roza.Gajecka,Roza.Gajecka@sprawnaprzesylka.pl,70000041,Biuro Finansów,Wydział Rachunkowości,Specjalista,Sprawna przesyłka sp. z o.o.,512-202-173,Białystok,Polska,Adama Mickiewicza,1,9,15-213,53.12878109584308,23.16915235659272,Wschód,grp_Rachunkowość,,grp_SprawnaPrzesyłka
87,Dorota,Armata,Armata Dorota,Dorota,Armata,Michal.Wieczorek,Dorota.Armata,Dorota.Armata@sprawnaprzesylka.pl,70000042,Biuro Finansów,Wydział Rachunkowości,Kierowca,Sprawna przesyłka sp. z o.o.,519-769-808,Białystok,Polska,Adama Mickiewicza,1,9,15-213,53.12878109584308,23.16915235659272,Wschód,grp_Rachunkowość,,grp_SprawnaPrzesyłka
88,Maksymilian,Galon,Galon Maksymilian,Maksymilian,Galon,Michal.Wieczorek,Maksymilian.Galon,Maksymilian.Galon@sprawnaprzesylka.pl,70000043,Biuro Finansów,Wydział Rozliczeń,Główny Specjalista,Sprawna przesyłka sp. z o.o.,507-902-478,Białystok,Polska,Adama Mickiewicza,1,10,15-213,53.12878109584308,23.16915235659272,Wschód,grp_Rozliczenia,grp_Koordynator,grp_SprawnaPrzesyłka
89,Kazimiera,Wańczyk,Wańczyk Kazimiera,Kazimiera,Wanczyk,Michal.Wieczorek,Kazimiera.Wanczyk,Kazimiera.Wanczyk@sprawnaprzesylka.pl,70000044,Biuro Finansów,Wydział Rozliczeń,Mechanik,Sprawna przesyłka sp. z o.o.,589-624-382,Białystok,Polska,Adama Mickiewicza,1,10,15-213,53.12878109584308,23.16915235659272,Wschód,grp_Rozliczenia,,grp_SprawnaPrzesyłka
90,Radosław,Zatoński,Zatoński Radosław,Radoslaw,Zatonski,Michal.Wieczorek,Radoslaw.Zatonski,Radoslaw.Zatonski@sprawnaprzesylka.pl,70000045,Biuro Finansów,Wydział Rozliczeń,Specjalista,Sprawna przesyłka sp. z o.o.,678-869-184,Białystok,Polska,Adama Mickiewicza,1,10,15-213,53.12878109584308,23.16915235659272,Wschód,grp_Rozliczenia,,grp_SprawnaPrzesyłka
91,Eliza,Szajda,Szajda Eliza,Eliza,Szajda,Michal.Wieczorek,Eliza.Szajda,Eliza.Szajda@sprawnaprzesylka.pl,70000046,Biuro Finansów,Wydział Rozliczeń,Kierowca,Sprawna przesyłka sp. z o.o.,782-516-350,Białystok,Polska,Adama Mickiewicza,1,10,15-213,53.12878109584308,23.16915235659272,Wschód,grp_Rozliczenia,,grp_SprawnaPrzesyłka
92,Ireneusz,Kłusek,Kłusek Ireneusz,Ireneusz,Klusek,Michal.Wieczorek,Ireneusz.Klusek,Ireneusz.Klusek@sprawnaprzesylka.pl,70000047,Biuro Finansów,Wydział Rozliczeń,Starszy Specjalista,Sprawna przesyłka sp. z o.o.,743-570-217,Białystok,Polska,Adama Mickiewicza,1,3,15-213,53.12878109584308,23.16915235659272,Wschód,grp_Rozliczenia,,grp_SprawnaPrzesyłka
93,Tomasz,Grodek,Grodek Tomasz,Tomasz,Grodek,Michal.Wieczorek,Tomasz.Grodek,Tomasz.Grodek@sprawnaprzesylka.pl,70000048,Biuro Finansów,Wydział Rozliczeń,Kierowca,Sprawna przesyłka sp. z o.o.,723-578-764,Białystok,Polska,Adama Mickiewicza,1,3,15-213,53.12878109584308,23.16915235659272,Wschód,grp_Rozliczenia,,grp_SprawnaPrzesyłka
94,Aneta,Pawełkiewicz,Pawełkiewicz Aneta,Aneta,Pawelkiewicz,Michal.Wieczorek,Aneta.Pawelkiewicz,Aneta.Pawelkiewicz@sprawnaprzesylka.pl,70000049,Biuro Finansów,Wydział Rozliczeń,Specjalista,Sprawna przesyłka sp. z o.o.,716-767-672,Białystok,Polska,Adama Mickiewicza,1,3,15-213,53.12878109584308,23.16915235659272,Wschód,grp_Rozliczenia,,grp_SprawnaPrzesyłka
95,Roksana,Piekorz,Piekorz Roksana,Roksana,Piekorz,Julia.Wawrzyniak,Roksana.Piekorz,Roksana.Piekorz@sprawnaprzesylka.pl,70000050,Biuro Eksploatacji,Wydział Napraw,Radca Prawny,Sprawna przesyłka sp. z o.o.,764-667-629,Zielona Góra,Polska,Długa,5,401,65-401,51.93625498000136,15.49858508885172,Zachód,grp_Naprawy,,grp_SprawnaPrzesyłka
96,Leonard,Kijanka,Kijanka Leonard,Leonard,Kijanka,Julia.Wawrzyniak,Leonard.Kijanka,Leonard.Kijanka@sprawnaprzesylka.pl,70000051,Biuro Eksploatacji,Wydział Napraw,Główny Specjalista,Sprawna przesyłka sp. z o.o.,728-434-639,Zielona Góra,Polska,Długa,5,401,65-401,51.93625498000136,15.49858508885172,Zachód,grp_Naprawy,grp_Koordynator,grp_SprawnaPrzesyłka
97,Krzysztof,Twardy,Twardy Krzysztof,Krzysztof,Twardy,Julia.Wawrzyniak,Krzysztof.Twardy,Krzysztof.Twardy@sprawnaprzesylka.pl,70000052,Biuro Eksploatacji,Wydział Napraw,Kierowca,Sprawna przesyłka sp. z o.o.,791-468-626,Zielona Góra,Polska,Długa,5,401,65-401,51.93625498000136,15.49858508885172,Zachód,grp_Naprawy,,grp_SprawnaPrzesyłka
98,Leonard,Uzdowski,Uzdowski Leonard,Leonard,Uzdowski,Julia.Wawrzyniak,Leonard.Uzdowski,Leonard.Uzdowski@sprawnaprzesylka.pl,70000053,Biuro Eksploatacji,Wydział Napraw,Specjalista,Sprawna przesyłka sp. z o.o.,672-239-434,Zielona Góra,Polska,Długa,5,401,65-401,51.93625498000136,15.49858508885172,Zachód,grp_Naprawy,,grp_SprawnaPrzesyłka
99,Anita,Pieniążek,Pieniążek Anita,Anita,Pieniazek,Julia.Wawrzyniak,Anita.Pieniazek,Anita.Pieniazek@sprawnaprzesylka.pl,70000054,Biuro Eksploatacji,Wydział Napraw,Mechanik,Sprawna przesyłka sp. z o.o.,613-908-456,Zielona Góra,Polska,Długa,5,401,65-401,51.93625498000136,15.49858508885172,Zachód,grp_Naprawy,,grp_SprawnaPrzesyłka
100,Lech,Seta,Seta Lech,Lech,Seta,Julia.Wawrzyniak,Lech.Seta,Lech.Seta@sprawnaprzesylka.pl,70000055,Biuro Eksploatacji,Wydział Napraw,Specjalista,Sprawna przesyłka sp. z o.o.,725-770-512,Zielona Góra,Polska,Długa,5,402,65-401,51.93625498000136,15.49858508885172,Zachód,grp_Naprawy,,grp_SprawnaPrzesyłka
101,Walenty,Majchrzyk,Majchrzyk Walenty,Walenty,Majchrzyk,Julia.Wawrzyniak,Walenty.Majchrzyk,Walenty.Majchrzyk@sprawnaprzesylka.pl,70000056,Biuro Eksploatacji,Wydział Napraw,Kierowca,Sprawna przesyłka sp. z o.o.,501-661-646,Zielona Góra,Polska,Długa,5,402,65-401,51.93625498000136,15.49858508885172,Zachód,grp_Naprawy,,grp_SprawnaPrzesyłka
102,Wiesława,Mrozek,Mrozek Wiesława,Wieslawa,Mrozek,Julia.Wawrzyniak,Wieslawa.Mrozek,Wieslawa.Mrozek@sprawnaprzesylka.pl,70000057,Biuro Eksploatacji,Wydział Przeglądów,Główny Specjalista,Sprawna przesyłka sp. z o.o.,502-666-570,Zielona Góra,Polska,Długa,5,402,65-401,51.93625498000136,15.49858508885172,Zachód,grp_Przeglądy,grp_Koordynator,grp_SprawnaPrzesyłka
103,Eugeniusz,Rąpała,Rąpała Eugeniusz,Eugeniusz,Rapala,Julia.Wawrzyniak,Eugeniusz.Rapala,Eugeniusz.Rapala@sprawnaprzesylka.pl,70000058,Biuro Eksploatacji,Wydział Przeglądów,Elektryk,Sprawna przesyłka sp. z o.o.,501-244-783,Zielona Góra,Polska,Długa,5,403,65-401,51.93625498000136,15.49858508885172,Zachód,grp_Przeglądy,,grp_SprawnaPrzesyłka
104,Adrianna,Fojt,Fojt Adrianna,Adrianna,Fojt,Julia.Wawrzyniak,Adrianna.Fojt,Adrianna.Fojt@sprawnaprzesylka.pl,70000059,Biuro Eksploatacji,Wydział Przeglądów,Specjalista,Sprawna przesyłka sp. z o.o.,504-886-610,Zielona Góra,Polska,Długa,5,403,65-401,51.93625498000136,15.49858508885172,Zachód,grp_Przeglądy,,grp_SprawnaPrzesyłka
105,Oskar,Hawryluk,Hawryluk Oskar,Oskar,Hawryluk,Julia.Wawrzyniak,Oskar.Hawryluk,Oskar.Hawryluk@sprawnaprzesylka.pl,70000060,Biuro Eksploatacji,Wydział Przeglądów,Radca Prawny,Sprawna przesyłka sp. z o.o.,503-775-424,Zielona Góra,Polska,Długa,5,403,65-401,51.93625498000136,15.49858508885172,Zachód,grp_Przeglądy,,grp_SprawnaPrzesyłka
106,Zenon,Dudzic,Dudzic Zenon,Zenon,Dudzic,Julia.Wawrzyniak,Zenon.Dudzic,Zenon.Dudzic@sprawnaprzesylka.pl,70000061,Biuro Eksploatacji,Wydział Przeglądów,Kierowca,Sprawna przesyłka sp. z o.o.,508-293-313,Zielona Góra,Polska,Długa,5,403,65-401,51.93625498000136,15.49858508885172,Zachód,grp_Przeglądy,,grp_SprawnaPrzesyłka
107,Adela,Kwas,Kwas Adela,Adela,Kwas,Julia.Wawrzyniak,Adela.Kwas,Adela.Kwas@sprawnaprzesylka.pl,70000062,Biuro Eksploatacji,Wydział Przeglądów,Specjalista,Sprawna przesyłka sp. z o.o.,506-755-680,Zielona Góra,Polska,Długa,5,404,65-401,51.93625498000136,15.49858508885172,Zachód,grp_Przeglądy,,grp_SprawnaPrzesyłka
108,Ernest,Faliński,Faliński Ernest,Ernest,Falinski,Julia.Wawrzyniak,Ernest.Falinski,Ernest.Falinski@sprawnaprzesylka.pl,70000063,Biuro Eksploatacji,Wydział Przeglądów,Elektryk,Sprawna przesyłka sp. z o.o.,514-738-660,Zielona Góra,Polska,Długa,5,404,65-401,51.93625498000136,15.49858508885172,Zachód,grp_Przeglądy,,grp_SprawnaPrzesyłka
109,Anita,Filatova,Filatova Anita,Anita,Filatova,Kamila.Iwon,Anita.Filatova,Anita.Filatova@szybkiprzejazd.pl,80000001,Zarząd,Zarząd,Prezes,Szybki przejazd sp. z o.o.,572-149-816,Opole,Polska,Krakowska,24,5,45-075,50.665959671476394,17.92349110041183,Centrala,grp_Zarząd,grp_Menadżerowie,grp_SzybkiPrzejazd
110,Norbert,Gryboś,Gryboś Norbert,Norbert,Grybos,Anita.Filatova,Norbert.Grybos,Norbert.Grybos@szybkiprzejazd.pl,80000002,Biuro Logistyki,Biuro Logistyki,Dyrektor Regionalny,Szybki przejazd sp. z o.o.,504-395-270,Opole,Polska,Krakowska,24,6,45-075,50.665959671476394,17.92349110041183,Południe,grp_DyrReg_SzPrzej,grp_Menadżerowie,grp_SzybkiPrzejazd
111,Adrianna,Wojtunik,Wojtunik Adrianna,Adrianna,Wojtunik,Anita.Filatova,Adrianna.Wojtunik,Adrianna.Wojtunik@szybkiprzejazd.pl,80000003,Biuro Sprzedaży,Biuro Sprzedaży,Dyrektor Regionalny,Szybki przejazd sp. z o.o.,506-165-924,Gorzów Wielkopolski,Polska,Warszawska,48,102,66-400,52.73313485349412,15.252357161621724,Zachód,grp_DyrReg_SzPrzej,grp_Menadżerowie,grp_SzybkiPrzejazd
112,Gracjan,Kielak,Kielak Gracjan,Gracjan,Kielak,Norbert.Grybos,Gracjan.Kielak,Gracjan.Kielak@szybkiprzejazd.pl,80000004,Biuro Logistyki,Wydział Magazynowy,Radca Prawny,Szybki przejazd sp. z o.o.,723-202-902,Opole,Polska,Krakowska,24,9,45-075,50.665959671476394,17.92349110041183,Południe,grp_Magazyn,,grp_SzybkiPrzejazd
113,Kuba,Rudowicz,Rudowicz Kuba,Kuba,Rudowicz,Norbert.Grybos,Kuba.Rudowicz,Kuba.Rudowicz@szybkiprzejazd.pl,80000005,Biuro Logistyki,Wydział Magazynowy,Główny Specjalista,Szybki przejazd sp. z o.o.,502-454-153,Opole,Polska,Krakowska,24,9,45-075,50.665959671476394,17.92349110041183,Południe,grp_Magazyn,grp_Koordynator,grp_SzybkiPrzejazd
114,Daniela,Iwanicka,Iwanicka Daniela,Daniela,Iwanicka,Norbert.Grybos,Daniela.Iwanicka,Daniela.Iwanicka@szybkiprzejazd.pl,80000006,Biuro Logistyki,Wydział Magazynowy,Informatyk,Szybki przejazd sp. z o.o.,603-105-799,Opole,Polska,Krakowska,24,9,45-075,50.665959671476394,17.92349110041183,Południe,grp_Magazyn,grp_ServiceDesk,grp_SzybkiPrzejazd
115,Bogusław,Kasza,Kasza Bogusław,Boguslaw,Kasza,Norbert.Grybos,Boguslaw.Kasza,Boguslaw.Kasza@szybkiprzejazd.pl,80000007,Biuro Logistyki,Wydział Magazynowy,Kierowca,Szybki przejazd sp. z o.o.,608-279-663,Opole,Polska,Krakowska,24,9,45-075,50.665959671476394,17.92349110041183,Południe,grp_Magazyn,,grp_SzybkiPrzejazd
116,Maja,Paszyńska,Paszyńska Maja,Maja,Paszynska,Norbert.Grybos,Maja.Paszynska,Maja.Paszynska@szybkiprzejazd.pl,80000008,Biuro Logistyki,Wydział Magazynowy,Główny Specjalista,Szybki przejazd sp. z o.o.,607-484-257,Opole,Polska,Krakowska,24,10,45-075,50.665959671476394,17.92349110041183,Południe,grp_Magazyn,,grp_SzybkiPrzejazd
117,Juliusz,Michałowicz,Michałowicz Juliusz,Juliusz,Michalowicz,Norbert.Grybos,Juliusz.Michalowicz,Juliusz.Michalowicz@szybkiprzejazd.pl,80000009,Biuro Logistyki,Wydział Zaopatrzenia,Radca Prawny,Szybki przejazd sp. z o.o.,615-823-356,Opole,Polska,Krakowska,24,10,45-075,50.665959671476394,17.92349110041183,Południe,grp_Zaopatrzenie,grp_Koordynator,grp_SzybkiPrzejazd
118,Remigiusz,Babicz,Babicz Remigiusz,Remigiusz,Babicz,Norbert.Grybos,Remigiusz.Babicz,Remigiusz.Babicz@szybkiprzejazd.pl,80000010,Biuro Logistyki,Wydział Zaopatrzenia,Kierowca,Szybki przejazd sp. z o.o.,698-403-308,Opole,Polska,Krakowska,24,10,45-075,50.665959671476394,17.92349110041183,Południe,grp_Zaopatrzenie,,grp_SzybkiPrzejazd
119,Jan,Wieczorkowski,Wieczorkowski Jan,Jan,Wieczorkowski,Norbert.Grybos,Jan.Wieczorkowski,Jan.Wieczorkowski@szybkiprzejazd.pl,80000011,Biuro Logistyki,Wydział Zaopatrzenia,Radca Prawny,Szybki przejazd sp. z o.o.,678-810-538,Opole,Polska,Krakowska,24,12,45-075,50.665959671476394,17.92349110041183,Południe,grp_Zaopatrzenie,,grp_SzybkiPrzejazd
120,Szymon,Stanuch,Stanuch Szymon,Szymon,Stanuch,Norbert.Grybos,Szymon.Stanuch,Szymon.Stanuch@szybkiprzejazd.pl,80000012,Biuro Logistyki,Wydział Zaopatrzenia,Starszy Specjalista,Szybki przejazd sp. z o.o.,698-423-808,Opole,Polska,Krakowska,24,12,45-075,50.665959671476394,17.92349110041183,Południe,grp_Zaopatrzenie,,grp_SzybkiPrzejazd
121,Aurelia,Nosek,Nosek Aurelia,Aurelia,Nosek,Norbert.Grybos,Aurelia.Nosek,Aurelia.Nosek@szybkiprzejazd.pl,80000013,Biuro Logistyki,Wydział Zaopatrzenia,Kierowca,Szybki przejazd sp. z o.o.,512-636-659,Opole,Polska,Krakowska,24,12,45-075,50.665959671476394,17.92349110041183,Południe,grp_Zaopatrzenie,,grp_SzybkiPrzejazd
122,Hubert,Sikora,Sikora Hubert,Hubert,Sikora,Norbert.Grybos,Hubert.Sikora,Hubert.Sikora@szybkiprzejazd.pl,80000014,Biuro Logistyki,Wydział Zaopatrzenia,Mechanik,Szybki przejazd sp. z o.o.,519-585-882,Opole,Polska,Krakowska,24,12,45-075,50.665959671476394,17.92349110041183,Południe,grp_Zaopatrzenie,,grp_SzybkiPrzejazd
123,Karol,Krupa,Krupa Karol,Karol,Krupa,Norbert.Grybos,Karol.Krupa,Karol.Krupa@szybkiprzejazd.pl,80000015,Biuro Logistyki,Wydział Dystrybucji,Radca Prawny,Szybki przejazd sp. z o.o.,507-425-612,Opole,Polska,Krakowska,24,13,45-075,50.665959671476394,17.92349110041183,Południe,grp_Dystrybucja,,grp_SzybkiPrzejazd
124,Paweł,Makowski,Makowski Paweł,Pawel,Makowski,Norbert.Grybos,Pawel.Makowski,Pawel.Makowski@szybkiprzejazd.pl,80000016,Biuro Logistyki,Wydział Dystrybucji,Elektryk,Szybki przejazd sp. z o.o.,589-453-980,Opole,Polska,Krakowska,24,13,45-075,50.665959671476394,17.92349110041183,Południe,grp_Dystrybucja,,grp_SzybkiPrzejazd
125,Borys,Gajewska,Gajewska Borys,Borys,Gajewska,Norbert.Grybos,Borys.Gajewska,Borys.Gajewska@szybkiprzejazd.pl,80000017,Biuro Logistyki,Wydział Dystrybucji,Główny Specjalista,Szybki przejazd sp. z o.o.,678-307-959,Opole,Polska,Krakowska,24,13,45-075,50.665959671476394,17.92349110041183,Południe,grp_Dystrybucja,grp_Koordynator,grp_SzybkiPrzejazd
126,Dobromił,Pietrzak,Pietrzak Dobromił,Dobromil,Pietrzak,Norbert.Grybos,Dobromil.Pietrzak,Dobromil.Pietrzak@szybkiprzejazd.pl,80000018,Biuro Logistyki,Wydział Dystrybucji,Kierowca,Szybki przejazd sp. z o.o.,782-677-415,Opole,Polska,Krakowska,24,14,45-075,50.665959671476394,17.92349110041183,Południe,grp_Dystrybucja,,grp_SzybkiPrzejazd
127,Przemysław,Kołodziej,Kołodziej Przemysław,Przemyslaw,Kolodziej,Norbert.Grybos,Przemyslaw.Kolodziej,Przemyslaw.Kolodziej@szybkiprzejazd.pl,80000019,Biuro Logistyki,Wydział Dystrybucji,Specjalista,Szybki przejazd sp. z o.o.,743-663-666,Opole,Polska,Krakowska,24,14,45-075,50.665959671476394,17.92349110041183,Południe,grp_Dystrybucja,,grp_SzybkiPrzejazd
128,Patryk,Kwiatkowski,Kwiatkowski Patryk,Patryk,Kwiatkowski,Adrianna.Wojtunik,Patryk.Kwiatkowski,Patryk.Kwiatkowski@szybkiprzejazd.pl,80000020,Biuro Sprzedaży,Wydział Obsługi Klienta,Specjalista,Szybki przejazd sp. z o.o.,723-841-307,Gorzów Wielkopolski,Polska,Warszawska,48,105,66-400,52.73313485349412,15.252357161621724,Zachód,grp_ObsługaKlienta,,grp_SzybkiPrzejazd
129,Mirosław,Witkowski,Witkowski Mirosław,Miroslaw,Witkowski,Adrianna.Wojtunik,Miroslaw.Witkowski,Miroslaw.Witkowski@szybkiprzejazd.pl,80000021,Biuro Sprzedaży,Wydział Obsługi Klienta,Kierowca,Szybki przejazd sp. z o.o.,716-880-948,Gorzów Wielkopolski,Polska,Warszawska,48,105,66-400,52.73313485349412,15.252357161621724,Zachód,grp_ObsługaKlienta,,grp_SzybkiPrzejazd
130,Fryderyk,Zalewski,Zalewski Fryderyk,Fryderyk,Zalewski,Adrianna.Wojtunik,Fryderyk.Zalewski,Fryderyk.Zalewski@szybkiprzejazd.pl,80000022,Biuro Sprzedaży,Wydział Obsługi Klienta,Główny Specjalista,Szybki przejazd sp. z o.o.,764-421-424,Gorzów Wielkopolski,Polska,Warszawska,48,105,66-400,52.73313485349412,15.252357161621724,Zachód,grp_ObsługaKlienta,grp_Koordynator,grp_SzybkiPrzejazd
131,Daniel,Głowacka,Głowacka Daniel,Daniel,Glowacka,Adrianna.Wojtunik,Daniel.Glowacka,Daniel.Glowacka@szybkiprzejazd.pl,80000023,Biuro Sprzedaży,Wydział Obsługi Klienta,Kierowca,Szybki przejazd sp. z o.o.,728-878-275,Gorzów Wielkopolski,Polska,Warszawska,48,106,66-400,52.73313485349412,15.252357161621724,Zachód,grp_ObsługaKlienta,,grp_SzybkiPrzejazd
132,Marek,Laskowska,Laskowska Marek,Marek,Laskowska,Adrianna.Wojtunik,Marek.Laskowska,Marek.Laskowska@szybkiprzejazd.pl,80000024,Biuro Sprzedaży,Wydział Obsługi Klienta,Radca Prawny,Szybki przejazd sp. z o.o.,791-756-320,Gorzów Wielkopolski,Polska,Warszawska,48,106,66-400,52.73313485349412,15.252357161621724,Zachód,grp_ObsługaKlienta,,grp_SzybkiPrzejazd
133,Mariusz,Włodarczyk,Włodarczyk Mariusz,Mariusz,Wlodarczyk,Adrianna.Wojtunik,Mariusz.Wlodarczyk,Mariusz.Wlodarczyk@szybkiprzejazd.pl,80000025,Biuro Sprzedaży,Wydział Promocji,Specjalista,Szybki przejazd sp. z o.o.,672-756-780,Gorzów Wielkopolski,Polska,Warszawska,48,106,66-400,52.73313485349412,15.252357161621724,Zachód,grp_Promocja,,grp_SzybkiPrzejazd
134,Maurycy,Czerwiński,Czerwiński Maurycy,Maurycy,Czerwinski,Adrianna.Wojtunik,Maurycy.Czerwinski,Maurycy.Czerwinski@szybkiprzejazd.pl,80000026,Biuro Sprzedaży,Wydział Promocji,Główny Specjalista,Szybki przejazd sp. z o.o.,613-540-640,Gorzów Wielkopolski,Polska,Warszawska,48,108,66-400,52.73313485349412,15.252357161621724,Zachód,grp_Promocja,grp_Koordynator,grp_SzybkiPrzejazd
135,Robert,Szymański,Szymański Robert,Robert,Szymanski,Adrianna.Wojtunik,Robert.Szymanski,Robert.Szymanski@szybkiprzejazd.pl,80000027,Biuro Sprzedaży,Wydział Promocji,Kierowca,Szybki przejazd sp. z o.o.,725-343-459,Gorzów Wielkopolski,Polska,Warszawska,48,108,66-400,52.73313485349412,15.252357161621724,Zachód,grp_Promocja,,grp_SzybkiPrzejazd
136,Marek,Kozłowski,Kozłowski Marek,Marek,Kozlowski,Adrianna.Wojtunik,Marek.Kozlowski,Marek.Kozlowski@szybkiprzejazd.pl,80000028,Biuro Sprzedaży,Wydział Promocji,Elektryk,Szybki przejazd sp. z o.o.,743-498-655,Gorzów Wielkopolski,Polska,Warszawska,48,108,66-400,52.73313485349412,15.252357161621724,Zachód,grp_Promocja,,grp_SzybkiPrzejazd
137,Jerzy,Kowalczyk,Kowalczyk Jerzy,Jerzy,Kowalczyk,Adrianna.Wojtunik,Jerzy.Kowalczyk,Jerzy.Kowalczyk@szybkiprzejazd.pl,80000029,Biuro Sprzedaży,Wydział Promocji,Starszy Specjalista,Szybki przejazd sp. z o.o.,723-269-466,Gorzów Wielkopolski,Polska,Warszawska,48,109,66-400,52.73313485349412,15.252357161621724,Zachód,grp_Promocja,,grp_SzybkiPrzejazd
138,Mieszko,Kucharski,Kucharski Mieszko,Mieszko,Kucharski,Adrianna.Wojtunik,Mieszko.Kucharski,Mieszko.Kucharski@szybkiprzejazd.pl,80000030,Biuro Sprzedaży,Wydział Rachunkowy,Mechanik,Szybki przejazd sp. z o.o.,723-426-234,Gorzów Wielkopolski,Polska,Warszawska,48,109,66-400,52.73313485349412,15.252357161621724,Zachód,grp_Rachunkowość,,grp_SzybkiPrzejazd
139,Marcel,Pawlak,Pawlak Marcel,Marcel,Pawlak,Adrianna.Wojtunik,Marcel.Pawlak,Marcel.Pawlak@szybkiprzejazd.pl,80000031,Biuro Sprzedaży,Wydział Rachunkowy,Główny Specjalista,Szybki przejazd sp. z o.o.,678-752-376,Gorzów Wielkopolski,Polska,Warszawska,48,109,66-400,52.73313485349412,15.252357161621724,Zachód,grp_Rachunkowość,grp_Koordynator,grp_SzybkiPrzejazd
140,Krzysztof,Sadowska,Sadowska Krzysztof,Krzysztof,Sadowska,Adrianna.Wojtunik,Krzysztof.Sadowska,Krzysztof.Sadowska@szybkiprzejazd.pl,80000032,Biuro Sprzedaży,Wydział Rachunkowy,Kierowca,Szybki przejazd sp. z o.o.,698-460-251,Gorzów Wielkopolski,Polska,Warszawska,48,112,66-400,52.73313485349412,15.252357161621724,Zachód,grp_Rachunkowość,,grp_SzybkiPrzejazd
141,Albert,Sikora,Sikora Albert,Albert,Sikora,Adrianna.Wojtunik,Albert.Sikora,Albert.Sikora@szybkiprzejazd.pl,80000033,Biuro Sprzedaży,Wydział Rachunkowy,Radca Prawny,Szybki przejazd sp. z o.o.,512-492-732,Gorzów Wielkopolski,Polska,Warszawska,48,112,66-400,52.73313485349412,15.252357161621724,Zachód,grp_Rachunkowość,,grp_SzybkiPrzejazd
142,Cezary,Wysocki,Wysocki Cezary,Cezary,Wysocki,Adrianna.Wojtunik,Cezary.Wysocki,Cezary.Wysocki@szybkiprzejazd.pl,80000034,Biuro Sprzedaży,Wydział Rachunkowy,Informatyk,Szybki przejazd sp. z o.o.,519-286-895,Gorzów Wielkopolski,Polska,Warszawska,48,112,66-400,52.73313485349412,15.252357161621724,Zachód,grp_Rachunkowość,grp_ServiceDesk,grp_SzybkiPrzejazd
143,Karol,Kalinowski,Kalinowski Karol,Karol,Kalinowski,Adrianna.Wojtunik,Karol.Kalinowski,Karol.Kalinowski@szybkiprzejazd.pl,80000035,Biuro Sprzedaży,Wydział Rachunkowy,Kierowca,Szybki przejazd sp. z o.o.,507-748-641,Gorzów Wielkopolski,Polska,Warszawska,48,112,66-400,52.73313485349412,15.252357161621724,Zachód,grp_Rachunkowość,,grp_SzybkiPrzejazd